phase,scenario,category,result,primaryFailureClass,exactMechanism,harnessFixJustified,executionPrecision,duplicateOrUnintendedSideEffects,inferenceCostUsd,finalState,runId,browserSessionId,recoveryInjected
baseline,browser-search,Browser,PASS,NONE,,false,1,false,0.006657,waiting_for_user,859eb827-ba27-4c5d-9536-f1b39d5bc9cc,7e3ebe95-662c-4b8c-bacd-0a9ab531015f,false
baseline,browser-handoff,Browser,FAIL,D. TOOL / DATA COERCION,The immediate selection request collided with a transient PostgREST single-object response boundary and failed with “Cannot coerce the result to a single JSON object” before browser.select_flight was recorded.,true,1,false,0.00277,failed,6a17b998-97c3-4e26-958e-b4d8abca96bf,08be43be-6188-45d2-9a6d-9f2eb0a02caf,false
baseline,browser-recovery,Browser,FAIL,B. BROWSER INFRASTRUCTURE,"The injected read-only target closure was detected and the search recovered from its checkpoint, but the selection worker later exhausted its bounded retries because Google Flights exposed no selectable itinerary.",true,1,false,0.002639,waiting_for_user,e3ce16c8-c494-493a-a66c-ae9b7a3f68f5,aedfdc12-52a7-43cf-bd4a-773f23b88a9b,true
baseline,email-calendar,Cross-tool,PASS,NONE,,false,1,false,0.010371,completed,d8d36cd3-b5a7-4767-8261-b45fd3219dd5,,false
baseline,calendar-email,Cross-tool,PASS,NONE,,false,1,false,0.012744,completed,e71d54b0-9d9c-434f-884f-04ffe8309cd1,,false
targeted_rerun,browser-search,Browser,PASS,NONE,,false,1,false,0.002575,completed,f63a2cf3-c141-454f-a17e-2f0c5cec0060,67e7d7ee-ad90-4adf-acf4-68cf55f5f5ae,false
targeted_rerun,browser-handoff,Browser,FAIL,B. BROWSER INFRASTRUCTURE,flight_selection_failed: Google Flights did not expose a selectable itinerary.,true,1,false,0.002647,waiting_for_user,e9b383bd-6ded-42bc-bc91-7010dd9c8cc3,44511d79-32aa-46cc-bde2-fa3f694cc71d,false
targeted_rerun,browser-recovery,Browser,FAIL,B. BROWSER INFRASTRUCTURE,flight_selection_failed: Google Flights did not expose a selectable itinerary.,true,1,false,0.002648,waiting_for_user,3a17ce1c-7c89-4cca-a426-f33f13996ad1,69710237-ef36-4933-beeb-ad85a0a87d6b,true
targeted_rerun,calendar-email,Cross-tool,FAIL,A. MODEL / REASONING,"The Calendar update used the correct instant, but Luna changed the requested 10:00→11:30 local-time notification into 11:00→12:30 and then claimed the sent wording was verified.",false,1,false,0.01594,completed,78658e7b-91ab-48b1-8e19-c564071edf1e,,false
